{
  "n_samples": 24,
  "groups": [
    0,
    0,
    0,
    1,
    1,
    1,
    2,
    2,
    2,
    3,
    3,
    3,
    4,
    4,
    4,
    5,
    5,
    5,
    6,
    6,
    6,
    7,
    7,
    7
  ],
  "times": [
    2020.0,
    2021.0,
    2022.0,
    2023.0,
    2024.0,
    2025.0,
    2026.0,
    2027.0,
    2028.0,
    2029.0,
    2030.0,
    2031.0,
    2032.0,
    2033.0,
    2034.0,
    2035.0,
    2036.0,
    2037.0,
    2038.0,
    2039.0,
    2040.0,
    2041.0,
    2042.0,
    2043.0
  ],
  "scores": [
    -1.15755,
    0.289756,
    0.780854,
    0.543974,
    -0.961383,
    1.071009,
    0.701456,
    0.704973,
    0.745063,
    1.104347,
    2.242972,
    -0.611493,
    0.047211,
    1.754235,
    -1.33798,
    0.325574,
    -0.689118,
    -0.019822,
    0.474753,
    -1.931101,
    -0.992478,
    -1.405471,
    -0.231096,
    -0.688847
  ],
  "alpha": 0.1,
  "mu": [
    1.515106,
    -0.603172,
    1.713684,
    -0.406249,
    0.27141,
    0.03984,
    0.011518,
    -1.127178
  ],
  "scale": [
    0.347116,
    0.690505,
    0.113208,
    0.851079,
    0.165159,
    0.571709,
    0.591895,
    0.304522
  ],
  "q": 1.25,
  "calibration_fraction": 0.25,
  "random_state": 100
}
